{"name":"25a5a200-9d44-4dbc-b517-cb926cf52537","id":"/providers/Microsoft.Flow/flows/25a5a200-9d44-4dbc-b517-cb926cf52537","type":"Microsoft.Flow/flows","properties":{"apiId":"/providers/Microsoft.PowerApps/apis/shared_logicflows","displayName":"SnuggleHub_SendDonationS1","definition":{"metadata":{"workflowEntityId":null,"processAdvisorMetadata":null,"flowChargedByPaygo":null,"flowclientsuspensionreason":"None","flowclientsuspensiontime":null,"flowclientsuspensionreasondetails":null,"creator":{"id":"5a7b3358-1959-4268-aa1b-044c691a52ed","type":"User","tenantId":"dba2b34e-9196-4e16-bde2-a49bff736bf2"},"provisioningMethod":"FromDefinition","failureAlertSubscription":true,"clientLastModifiedTime":"2023-10-20T23:41:22.6757646Z","connectionKeySavedTimeKey":"2023-10-20T23:40:24.0192311Z"},"$schema":"https://schema.management.azure.com/providers/Microsoft.Logic/schemas/2016-06-01/workflowdefinition.json#","contentVersion":"1.0.0.0","parameters":{"$connections":{"defaultValue":{},"type":"Object"},"$authentication":{"defaultValue":{},"type":"SecureObject"}},"triggers":{"When_an_item_is_created":{"recurrence":{"frequency":"Minute","interval":1},"splitOn":"@triggerOutputs()?['body/value']","metadata":{"operationMetadataId":"7d395f84-974a-45f0-b4fc-e6cedad5ed24"},"type":"OpenApiConnection","inputs":{"host":{"apiId":"/providers/Microsoft.PowerApps/apis/shared_sharepointonline","connectionName":"shared_sharepointonline","operationId":"GetOnNewItems"},"parameters":{"dataset":"https://smg0h.sharepoint.com/sites/SnuggleHub","table":"f9fb4570-5d8a-47d4-b0ed-007bedb99ede"},"authentication":"@parameters('$authentication')"}}},"actions":{"Condition":{"actions":{"Send_an_email_(V2)":{"runAfter":{},"metadata":{"operationMetadataId":"36cfcf44-9121-4b54-9606-283e4a42e8c7"},"type":"OpenApiConnection","inputs":{"host":{"apiId":"/providers/Microsoft.PowerApps/apis/shared_office365","connectionName":"shared_office365","operationId":"SendEmailV2"},"parameters":{"emailMessage/To":"@triggerOutputs()?['body/UserEmail']","emailMessage/Subject":"SnuggleHub - CARA's Instructions for Making a Donation","emailMessage/Body":"<p>Thank you for your interest in supporting our cause. Your generosity will make a significant difference in the lives of those we serve.<br>\n<br>\nPlease find the instructions below on how to make a donation:<br>\n<br>\nVisit our website -<strong> https://www.caraphil.org/donate/ </strong>to learn how to provide financial assistance. There, you can explore various options for making a donation, sponsoring our programs, or contributing in other meaningful ways.<br>\nFeel free to reach out to us if you have any questions or require further assistance.<br>\n<br>\nBest regards,<strong><br>\nThe SnuggleHub Team</strong></p>","emailMessage/Importance":"Normal"},"authentication":"@parameters('$authentication')"}}},"runAfter":{},"expression":{"equals":["@triggerOutputs()?['body/Shelter']","CARA"]},"metadata":{"operationMetadataId":"baaf8cae-0602-4907-a00c-c3e4789dc0e8"},"type":"If"}}},"connectionReferences":{"shared_sharepointonline":{"connectionName":"954d670df12644b581aa39e49da092bf","source":"Embedded","id":"/providers/Microsoft.PowerApps/apis/shared_sharepointonline","tier":"NotSpecified"},"shared_office365":{"connectionName":"88d85b83ed24410f8a7d5194fb523bf5","source":"Embedded","id":"/providers/Microsoft.PowerApps/apis/shared_office365","tier":"NotSpecified"}},"flowFailureAlertSubscribed":false,"isManaged":false}}