{"name":"5e9d2ca2-7d23-405f-a77c-233f8df6dd69","id":"/providers/Microsoft.Flow/flows/5e9d2ca2-7d23-405f-a77c-233f8df6dd69","type":"Microsoft.Flow/flows","properties":{"apiId":"/providers/Microsoft.PowerApps/apis/shared_logicflows","displayName":"SnuggleHub_SendAdoptionS1","definition":{"metadata":{"workflowEntityId":null,"processAdvisorMetadata":null,"flowChargedByPaygo":null,"flowclientsuspensionreason":"None","flowclientsuspensiontime":null,"flowclientsuspensionreasondetails":null,"creator":{"id":"5a7b3358-1959-4268-aa1b-044c691a52ed","type":"User","tenantId":"dba2b34e-9196-4e16-bde2-a49bff736bf2"},"provisioningMethod":"FromDefinition","failureAlertSubscription":true,"clientLastModifiedTime":"2023-10-20T23:54:12.9486666Z","connectionKeySavedTimeKey":"2023-10-20T23:44:12.1128192Z"},"$schema":"https://schema.management.azure.com/providers/Microsoft.Logic/schemas/2016-06-01/workflowdefinition.json#","contentVersion":"1.0.0.0","parameters":{"$connections":{"defaultValue":{},"type":"Object"},"$authentication":{"defaultValue":{},"type":"SecureObject"}},"triggers":{"When_an_item_is_created":{"recurrence":{"frequency":"Minute","interval":1},"splitOn":"@triggerOutputs()?['body/value']","metadata":{"operationMetadataId":"7d395f84-974a-45f0-b4fc-e6cedad5ed24"},"type":"OpenApiConnection","inputs":{"host":{"apiId":"/providers/Microsoft.PowerApps/apis/shared_sharepointonline","connectionName":"shared_sharepointonline","operationId":"GetOnNewItems"},"parameters":{"dataset":"https://smg0h.sharepoint.com/sites/SnuggleHub","table":"f9fb4570-5d8a-47d4-b0ed-007bedb99ede"},"authentication":"@parameters('$authentication')"}}},"actions":{"Condition":{"actions":{"Send_an_email_(V2)":{"runAfter":{},"metadata":{"operationMetadataId":"36cfcf44-9121-4b54-9606-283e4a42e8c7"},"type":"OpenApiConnection","inputs":{"host":{"apiId":"/providers/Microsoft.PowerApps/apis/shared_office365","connectionName":"shared_office365","operationId":"SendEmailV2"},"parameters":{"emailMessage/To":"@triggerOutputs()?['body/UserEmail']","emailMessage/Subject":"SnuggleHub - CARA's Instructions for Pet Adoption","emailMessage/Body":"<p>Thank you for considering pet adoption through our platform. Your decision to adopt will bring joy and love to a @{triggerBody()?['Title']}</p><br><p><span>\n\nWe are pleased to inform you that <b> @{triggerOutputs()?['body/Title']} </b> is eagerly waiting for a loving home. Visit our website to learn more about <b> @{triggerOutputs()?['body/Title']} </b> and how you can bring him home. \nYou can also visit our clinic from 8:00 AM to 5:00 PM (with reception cut-off at 4:30 PM), Mondays to Fridays, and 8:00 AM to 12 PM on Saturdays.\n\nFor inquiries or to set an appointment, please call our hotline at 8532.3340.\nFeel free to explore our website for more information and to find your perfect companion.\n\nBest regards,\n<b>The SnuggleHub Team</b>","emailMessage/Importance":"Normal"},"authentication":"@parameters('$authentication')"}}},"runAfter":{},"expression":{"equals":["@triggerOutputs()?['body/Shelter']","PAWS"]},"metadata":{"operationMetadataId":"baaf8cae-0602-4907-a00c-c3e4789dc0e8"},"type":"If"}}},"connectionReferences":{"shared_office365":{"connectionName":"88d85b83ed24410f8a7d5194fb523bf5","source":"Embedded","id":"/providers/Microsoft.PowerApps/apis/shared_office365","tier":"NotSpecified"},"shared_sharepointonline":{"connectionName":"954d670df12644b581aa39e49da092bf","source":"Embedded","id":"/providers/Microsoft.PowerApps/apis/shared_sharepointonline","tier":"NotSpecified"}},"flowFailureAlertSubscribed":false,"isManaged":false}}