{"name":"44788788-024d-44be-bb73-8b76986c02a0","id":"/providers/Microsoft.Flow/flows/44788788-024d-44be-bb73-8b76986c02a0","type":"Microsoft.Flow/flows","properties":{"apiId":"/providers/Microsoft.PowerApps/apis/shared_logicflows","displayName":"SnuggleHub_SignUpSendEmails","definition":{"metadata":{"workflowEntityId":null,"processAdvisorMetadata":null,"flowChargedByPaygo":null,"flowclientsuspensionreason":"None","flowclientsuspensiontime":null,"flowclientsuspensionreasondetails":null,"creator":{"id":"5a7b3358-1959-4268-aa1b-044c691a52ed","type":"User","tenantId":"dba2b34e-9196-4e16-bde2-a49bff736bf2"},"provisioningMethod":"FromDefinition","failureAlertSubscription":true,"clientLastModifiedTime":"2023-10-20T17:50:10.6626725Z"},"$schema":"https://schema.management.azure.com/providers/Microsoft.Logic/schemas/2016-06-01/workflowdefinition.json#","contentVersion":"1.0.0.0","parameters":{"$connections":{"defaultValue":{},"type":"Object"},"$authentication":{"defaultValue":{},"type":"SecureObject"}},"triggers":{"When_an_item_is_created":{"recurrence":{"frequency":"Minute","interval":1},"splitOn":"@triggerOutputs()?['body/value']","metadata":{"operationMetadataId":"e6c73e88-a2b3-4243-8ffa-56e94f8ef03d"},"type":"OpenApiConnection","inputs":{"host":{"apiId":"/providers/Microsoft.PowerApps/apis/shared_sharepointonline","connectionName":"shared_sharepointonline","operationId":"GetOnNewItems"},"parameters":{"dataset":"https://smg0h.sharepoint.com/sites/SnuggleHub","table":"9dfa5091-0724-4660-82ca-8d3cd5e9f33f"},"authentication":"@parameters('$authentication')"}}},"actions":{"Condition":{"actions":{"Send_an_email_(V2)_to_Adopter":{"runAfter":{},"metadata":{"operationMetadataId":"9b5709da-0a44-4885-8177-7fcfe3e708c2"},"type":"OpenApiConnection","inputs":{"host":{"apiId":"/providers/Microsoft.PowerApps/apis/shared_office365","connectionName":"shared_office365","operationId":"SendEmailV2"},"parameters":{"emailMessage/To":"@triggerOutputs()?['body/Email']","emailMessage/Subject":"Welcome to SnuggleHub! Find Your Perfect Companion Today!","emailMessage/Body":"<p><strong>Dear </strong><strong>@{triggerOutputs()?['body/Title']}</strong><strong></strong><br>\n<br>\nThank you for signing up with <strong>SnuggleHub</strong>. We are thrilled to have you join us in our mission to promote pet adoption and find loving homes for our furry friends. Whether you're looking for a playful pup or a cuddly cat, we're here to help you find your perfect companion.<br>\n<br>\nIf you have any questions or need assistance, please don't hesitate to reach out to our support team.<br>\n<br>\nBest regards,<br>\n<strong>SnuggleHub Team</strong><br>\n</p>","emailMessage/Importance":"Normal"},"authentication":"@parameters('$authentication')"}}},"runAfter":{},"else":{"actions":{"Send_an_email_(V2)_to_Shelter_Admin":{"runAfter":{},"metadata":{"operationMetadataId":"7867b19d-5946-4ce9-a5e6-2f4e30b936f7"},"type":"OpenApiConnection","inputs":{"host":{"apiId":"/providers/Microsoft.PowerApps/apis/shared_office365","connectionName":"shared_office365","operationId":"SendEmailV2"},"parameters":{"emailMessage/To":"@triggerOutputs()?['body/Email']","emailMessage/Subject":"Welcome to SnuggleHub! Manage and Care for Our Beloved Pets","emailMessage/Body":"<p><strong>Dear </strong><strong>@{triggerOutputs()?['body/Title']}</strong><strong></strong><br>\n<br>\nThank you for signing up with <strong>SnuggleHub</strong>. We appreciate your commitment to managing your shelter's pets and ensuring their well-being. Please be advised that your account will undergo a brief validation process to ensure the security and integrity of our platform.<br>\n<br>\nOur team will review your application shortly. Upon successful validation, you will be granted access to manage and update the pet profiles in our system.<br>\n<br>\nIf you have any urgent inquiries or require immediate assistance, please feel free to reach out to our support team.<br>\n<br>\nBest regards,<br>\n<strong>SnuggleHub Team</strong><br>\n</p>","emailMessage/Importance":"Normal"},"authentication":"@parameters('$authentication')"}},"Send_an_email_(V2)_to_SnuggleHub_Admin":{"runAfter":{"Send_an_email_(V2)_to_Shelter_Admin":["Succeeded"]},"metadata":{"operationMetadataId":"1f4ad0f4-8082-41c9-8bc1-cddf208f822b"},"type":"OpenApiConnection","inputs":{"host":{"apiId":"/providers/Microsoft.PowerApps/apis/shared_office365","connectionName":"shared_office365","operationId":"SendEmailV2"},"parameters":{"emailMessage/To":"@triggerOutputs()?['body/Email']","emailMessage/Subject":"New Shelter Admin Signup: Action Required","emailMessage/Body":"<p><strong>Hello SnuggleHub admin,</strong><br>\n<br>\nA new shelter admin has signed up for our platform. As per our standard procedure, their account requires verification and approval before they can begin managing their shelter's pets. Please review the provided details and validate the information to proceed with the approval process.<br>\n<br>\nThank you for your prompt attention to this matter.<br>\n<br>\nBest regards,<br>\n<strong>SnuggleHub Team</strong><br>\n</p>","emailMessage/Importance":"Normal"},"authentication":"@parameters('$authentication')"}}}},"expression":{"equals":["@triggerOutputs()?['body/UserType/Value']","Adopter"]},"metadata":{"operationMetadataId":"7028984e-0e82-4720-ac90-6765d5c8bdb0"},"type":"If"}}},"connectionReferences":{"shared_office365":{"connectionName":"88d85b83ed24410f8a7d5194fb523bf5","source":"Embedded","id":"/providers/Microsoft.PowerApps/apis/shared_office365","tier":"NotSpecified"},"shared_sharepointonline":{"connectionName":"954d670df12644b581aa39e49da092bf","source":"Embedded","id":"/providers/Microsoft.PowerApps/apis/shared_sharepointonline","tier":"NotSpecified"}},"flowFailureAlertSubscribed":false,"isManaged":false}}