{"schemaVersion":"1.0","appDefinitionTemplate":{"id":"/providers/Microsoft.PowerApps/apps/","type":"Microsoft.PowerApps/apps","tags":{"primaryDeviceWidth":"640","primaryDeviceHeight":"1136","supportsPortrait":"true","supportsLandscape":"true","primaryFormFactor":"Phone","showStatusBar":"true","publisherVersion":"3.23102.16","minimumRequiredApiVersion":"2.2.0","hasComponent":"false","hasUnlockedComponent":"false","isUnifiedRootApp":"false","sienaVersion":"20231022T175157Z-3.23102.16.0","coauthoringEnabled":"true"},"properties":{"appVersion":"2023-10-22T17:51:57Z","lifeCycleId":"Published","createdByClientVersion":{"major":3,"minor":23102,"build":16,"revision":0,"majorRevision":0,"minorRevision":0},"minClientVersion":{"major":3,"minor":23102,"build":16,"revision":0,"majorRevision":0,"minorRevision":0},"backgroundColor":"rgba(6, 48, 141, 1)","backgroundImageUri":"/9337971934380689491/Nf18f175b-b420-45ad-80ed-507eb0c7e303-logoSmallFile","displayName":"SnuggleHub","description":"","commitMessage":"","appUris":{"documentUri":{"value":"/9337971934380689491/Ncf5e3d30-1a5a-4aa8-b8a8-cfea5aa29811-document.msapp"},"imageUris":[],"additionalUris":[]},"createdTime":"0001-01-01T00:00:00Z","lastModifiedTime":"0001-01-01T00:00:00Z","sharedGroupsCount":0,"sharedUsersCount":0,"connectionReferences":{"96bcdaa4-bb02-470a-8663-e70d3fa16a31":{"id":"d683ea2a-c880-4073-95ea-94cc73d7a853","displayName":"SharePoint","iconUri":"https://connectoricons-prod.azureedge.net/releases/v1.0.1664/1.0.1664.3477/sharepointonline/icon.png","dataSources":["User Profiles","Pets","TransactionRecords","TransactionRecords_1"],"dependencies":[],"dependents":[],"parameterHints":{},"parameterHintsV2":{},"isOnPremiseConnection":false,"bypassConsent":false,"dataSets":{"https://smg0h.sharepoint.com/sites/SnuggleHub":{"dataSources":{"User Profiles":{"tableName":"9dfa5091-0724-4660-82ca-8d3cd5e9f33f"},"Pets":{"tableName":"e4840ccd-9e0e-4808-b970-7bd0f7d15f68"},"TransactionRecords":{"tableName":"f9fb4570-5d8a-47d4-b0ed-007bedb99ede"},"TransactionRecords_1":{"tableName":"f9fb4570-5d8a-47d4-b0ed-007bedb99ede"}}}},"apiTier":"Standard","isCustomApiConnection":false,"actions":["providers/PowerPlatform.Governance/Operations/Read","providers/PowerPlatform.Governance/Operations/Write"]}},"databaseReferences":{"default.cds":{"databaseDetails":{"referenceType":"Environmental","environmentName":"default.cds","overrideValues":{"status":"NotSpecified"}},"dataSources":{}}},"almMode":"Environment","performanceOptimizationEnabled":true,"canConsumeAppPass":true,"enableModernRuntimeMode":false,"executionRestrictions":{"isTeamsOnly":false,"dataLossPreventionEvaluationResult":{"status":"Compliant","lastEvaluationDate":"2023-10-16T15:24:16.2089522Z","violations":[],"violationsByPolicy":[],"violationErrorMessage":"The app uses the following connectors: ."}}},"appType":"ClassicCanvasApp","appComponents":[]}}